Time, "kWh", "kvarh", "Max kW", "Max kVA", "Zone kWh", "Zone kvarh", "Zone Max kW", "Zone Max kVA", "Overload kWh Normal", "Overload kWh Emerg", "Load EEN", "Load UE", "Zone Losses kWh", "Zone Losses kvarh", "Zone Max kW Losses", "Zone Max kvar Losses", "Load Losses kWh", "Load Losses kvarh", "No Load Losses kWh", "No Load Losses kvarh", "Max kW Load Losses", "Max kW No Load Losses", "Line Losses", "Transformer Losses", "Line Mode Line Losses", "Zero Mode Line Losses", "3-phase Line Losses", "1- and 2-phase Line Losses", "Gen kWh", "Gen kvarh", "Gen Max kW", "Gen Max kVA", "12.5 kV Losses", "0.208 kV Losses", "0.24 kV Losses", "Aux1", "Aux6", "Aux11", "Aux16", "12.5 kV Line Loss", "0.208 kV Line Loss", "0.24 kV Line Loss", "Aux2", "Aux7", "Aux12", "Aux17", "12.5 kV Load Loss", "0.208 kV Load Loss", "0.24 kV Load Loss", "Aux3", "Aux8", "Aux13", "Aux18", "12.5 kV No Load Loss", "0.208 kV No Load Loss", "0.24 kV No Load Loss", "Aux4", "Aux9", "Aux14", "Aux19", "12.5 kV Load Energy", "0.208 kV Load Energy", "0.24 kV Load Energy", "Aux5", "Aux10", "Aux15", "Aux20"
, 593.70871999381, -91.4092040432645, 593.70871999381, 600.704325588315, 61.534547349088, 3.95824981490683, 61.534547349088, 61.6617244249166, 0, 0, 0, 0, 532.173985841867, -95.3672648670543, 532.173985841867, 95.3672648670543, 18.0816641670075, -95.3672648670543, 514.09232167486, -6.46453376940137E-16, 18.0816641670075, 514.09232167486, 17.9754328104592, 514.198553031408, 10.0769893959208, 5.28817936237797, 15.3651687582984, 2.61026405216075, 0, 0, 0, 0, 532.061164467751, 0.112821374115072, 1.66154406800045E-12, 0, 0, 0, 0, 17.8626114363424, 0.112821374115072, 1.66154406800045E-12, 0, 0, 0, 0, 0.106231356548327, 0, 0, 0, 0, 0, 0, 514.09232167486, 0, 0, 0, 0, 0, 0, 29.2738668415839, 32.2606805075041, 0, 0, 0, 0, 0
ð?, 594.671962498535, -91.2746803466487, 594.671962498535, 601.635944948639, 62.4858894497296, 4.0189779251949, 62.4858894497296, 62.6150027061169, 0, 0, 0, 0, 532.18645104515, -95.2940179966988, 532.18645104515, 95.3672648670543, 18.1498735821483, -95.2940179966988, 514.036577463003, 7.34669269863986E-16, 18.1498735821483, 514.09232167486, 18.0417412098662, 514.144709835285, 10.1107682476852, 5.30955098216547, 15.4203192298507, 2.62142198001542, 0, 0, 0, 0, 532.070080690662, 0.116370354487063, 1.06379652966035E-12, 0, 0, 0, 0, 17.9253708553781, 0.116370354487063, 1.06379652966035E-12, 0, 0, 0, 0, 0.108132372282023, 0, 0, 0, 0, 0, 0, 514.036577463003, 0, 0, 0, 0, 0, 0, 29.7263546687823, 32.7595347809473, 0, 0, 0, 0, 0
@, 592.380393531302, -91.5942376306912, 594.671962498535, 601.635944948639, 60.2222691315448, 3.87438586665084, 62.4858894497296, 62.6150027061169, 0, 0, 0, 0, 532.157249725206, -95.4677639763045, 532.18645104515, 95.4677639763045, 17.9880643161049, -95.4677639763045, 514.169185409102, 4.20963611191816E-16, 18.1498735821483, 514.169185409102, 17.8844096199531, 514.272840105253, 10.0305680561506, 5.25882454283222, 15.2893925989828, 2.59501702097031, 0, 0, 0, 0, 532.049231859955, 0.108017865251195, 1.14398862882598E-14, 0, 0, 0, 0, 17.7763917547019, 0.108017865251195, 1.14398862882598E-14, 0, 0, 0, 0, 0.103654696151732, 0, 0, 0, 0, 0, 0, 514.169185409102, 0, 0, 0, 0, 0, 0, 28.649677899461, 31.5725912320838, 0, 0, 0, 0, 0
@, 589.490853472528, -91.9945841956282, 594.671962498535, 601.635944948639, 57.3671572980382, 3.69087775260854, 62.4858894497296, 62.6150027061169, 0, 0, 0, 0, 532.12263560861, -95.6843741449948, 532.18645104515, 95.6843741449948, 17.786278786501, -95.6843741449948, 514.336356822109, -2.69347044667967E-16, 18.1498735821483, 514.336356822109, 17.6880501845616, 514.434585424048, 9.93021653709731, 5.195425350786, 15.1256418878828, 2.56240829667878, 0, 0, 0, 0, 532.024704016195, 0.0979315924161221, -8.62864841697114E-13, 0, 0, 0, 0, 17.5901185921463, 0.0979315924161221, -8.62864841697114E-13, 0, 0, 0, 0, 0.0982286019393967, 0, 0, 0, 0, 0, 0, 514.336356822109, 0, 0, 0, 0, 0, 0, 27.2914344906081, 30.0757228074301, 0, 0, 0, 0, 0
@, 589.887273567388, -91.939527116964, 594.671962498535, 601.635944948639, 57.7602165016838, 3.71519859932057, 62.4858894497296, 62.6150027061169, 0, 0, 0, 0, 532.127202621805, -95.6548742630001, 532.18645104515, 95.6843741449948, 17.8137710618352, -95.6548742630001, 514.313431559971, -2.31517929827341E-16, 18.1498735821483, 514.336356822109, 17.714813681115, 514.412388940692, 9.94391195881481, 5.20406742031429, 15.1479793791293, 2.5668343019856, 0, 0, 0, 0, 532.027914831105, 0.0992877906996433, 1.31420791734335E-12, 0, 0, 0, 0, 17.615525890414, 0.0992877906996433, 1.31420791734335E-12, 0, 0, 0, 0, 0.0989573807203029, 0, 0, 0, 0, 0, 0, 514.313431559971, 0, 0, 0, 0, 0, 0, 27.4782496374452, 30.2819668642386, 0, 0, 0, 0, 0
@, 589.124339328244, -92.0449668422199, 594.671962498535, 601.635944948639, 57.0056610136663, 3.66700148125507, 62.4858894497296, 62.6150027061169, 0, 0, 0, 0, 532.118399905218, -95.7116807633953, 532.18645104515, 95.7116807633953, 17.7608400759037, -95.7116807633953, 514.357559829314, 7.34912131150622E-16, 18.1498735821483, 514.357559829314, 17.6632827747694, 514.455117130448, 9.91753845264896, 5.18741869735683, 15.1049571500049, 2.55832562476447, 0, 0, 0, 0, 532.021711172258, 0.0966887329591914, 1.61230978512081E-13, 0, 0, 0, 0, 17.5665940418101, 0.0966887329591914, 1.61230978512081E-13, 0, 0, 0, 0, 0.0975573011342402, 0, 0, 0, 0, 0, 0, 514.357559829314, 0, 0, 0, 0, 0, 0, 27.1193461389093, 29.886314874757, 0, 0, 0, 0, 0
@, 589.389306902401, -92.0083091641434, 594.671962498535, 601.635944948639, 57.2679728548592, 3.68357520416122, 62.4858894497296, 62.6150027061169, 0, 0, 0, 0, 532.121430633423, -95.6919836031916, 532.18645104515, 95.7116807633953, 17.7791952534525, -95.6919836031916, 514.342235379969, -3.27132418376231E-16, 18.1498735821483, 514.357559829314, 17.681153844202, 514.440276789219, 9.92668728246369, 5.193192380628, 15.1198796630908, 2.56127418111124, 0, 0, 0, 0, 532.023842828921, 0.0975878044998856, 9.63948378228436E-13, 0, 0, 0, 0, 17.5835660397012, 0.0975878044998856, 9.63948378228436E-13, 0, 0, 0, 0, 0.0980414092504905, 0, 0, 0, 0, 0, 0, 514.342235379969, 0, 0, 0, 0, 0, 0, 27.2440818196673, 30.023891035192, 0, 0, 0, 0, 0
@, 590.916092750321, -91.7970993416484, 594.671962498535, 601.635944948639, 58.7773087560164, 3.78028007609147, 62.4858894497296, 62.6150027061169, 0, 0, 0, 0, 532.139353549501, -95.5779525139057, 532.18645104515, 95.7116807633953, 17.8854355528092, -95.5779525139057, 514.253917996692, 6.53860646182559E-16, 18.1498735821483, 514.357559829314, 17.7845628187048, 514.354790730795, 9.97957732800079, 5.22659225891578, 15.2061695869166, 2.57839323178827, 0, 0, 0, 0, 532.036506507321, 0.102847042178912, 4.11906966061748E-13, 0, 0, 0, 0, 17.6817157765255, 0.102847042178912, 4.11906966061748E-13, 0, 0, 0, 0, 0.100872734104402, 0, 0, 0, 0, 0, 0, 514.253917996692, 0, 0, 0, 0, 0, 0, 27.9620472212996, 30.8152615347168, 0, 0, 0, 0, 0
 @, 594.271322261673, -91.3304705047768, 594.671962498535, 601.635944948639, 62.0914280171894, 3.9928491799348, 62.4858894497296, 62.6150027061169, 0, 0, 0, 0, 532.181203181178, -95.3245744889564, 532.18645104515, 95.7116807633953, 18.1214275446773, -95.3245744889564, 514.059775636499, 6.57439380713498E-16, 18.1498735821483, 514.357559829314, 18.0140903730943, 514.167112808083, 10.0966868648097, 5.30063518605036, 15.3973220508595, 2.6167683222349, 0, 0, 0, 0, 532.066313697411, 0.114889483767121, -3.25082462044331E-13, 0, 0, 0, 0, 17.8992008893275, 0.114889483767121, -3.25082462044331E-13, 0, 0, 0, 0, 0.107337171583039, 0, 0, 0, 0, 0, 0, 514.059775636499, 0, 0, 0, 0, 0, 0, 29.5385493837525, 32.552878633437, 0, 0, 0, 0, 0
"@, 598.795346868513, -90.6957483460583, 598.795346868513, 605.624955066611, 66.5542299249632, 4.27943580144378, 66.5542299249632, 66.6916718315229, 0, 0, 0, 0, 532.242986196739, -94.9768670488825, 532.242986196739, 95.7116807633953, 18.4451141225463, -94.9768670488825, 513.797872074193, 1.15253639965118E-15, 18.4451141225463, 514.357559829314, 18.3285325362886, 513.91445366045, 10.2565053344149, 5.40187297748333, 15.6583783118977, 2.67015422439092, 0, 0, 0, 0, 532.11080386604, 0.132182330699805, -9.52398151716014E-13, 0, 0, 0, 0, 18.1963502055897, 0.132182330699805, -9.52398151716014E-13, 0, 0, 0, 0, 0.116581586257778, 0, 0, 0, 0, 0, 0, 513.797872074193, 0, 0, 0, 0, 0, 0, 31.6615222841728, 34.8927076407904, 0, 0, 0, 0, 0
$@, 600.229636499823, -90.4932679297655, 600.229636499823, 607.012889544628, 67.966354604954, 4.37130694178539, 67.966354604954, 68.1067814734015, 0, 0, 0, 0, 532.263886246629, -94.8651078695235, 532.263886246629, 95.7116807633953, 18.5491029209995, -94.8651078695235, 513.71478332563, 1.752833989066E-16, 18.5491029209995, 514.357559829314, 18.429462069122, 513.834424177508, 10.3076573118208, 5.43432816043262, 15.741985472254, 2.68747659686795, 0, 0, 0, 0, 532.125970906441, 0.137915340191692, -3.26637255448995E-12, 0, 0, 0, 0, 18.2915467289335, 0.137915340191692, -3.26637255448995E-12, 0, 0, 0, 0, 0.11964085187749, 0, 0, 0, 0, 0, 0, 513.71478332563, 0, 0, 0, 0, 0, 0, 32.3335294532203, 35.6328251517337, 0, 0, 0, 0, 0
&@, 596.105768359201, -91.074316911394, 600.229636499823, 607.012889544628, 63.898523613986, 4.11149515747533, 67.966354604954, 68.1067814734015, 0, 0, 0, 0, 532.205590484731, -95.1842725169583, 532.263886246629, 95.7116807633953, 18.2520353990828, -95.1842725169584, 513.953555085649, -2.32836319669083E-16, 18.5491029209995, 514.357559829314, 18.1410193937682, 514.064571090963, 10.1612819795993, 5.3415425893486, 15.502824568948, 2.63819482482021, 0, 0, 0, 0, 532.083840552354, 0.121749932379455, -1.38476099541314E-12, 0, 0, 0, 0, 18.0192694613902, 0.121749932379455, -1.38476099541314E-12, 0, 0, 0, 0, 0.11101600531453, 0, 0, 0, 0, 0, 0, 513.953555085649, 0, 0, 0, 0, 0, 0, 30.3987221399497, 33.4998014740363, 0, 0, 0, 0, 0
(@, 594.67360455321, -91.2746021974517, 600.229636499823, 607.012889544628, 62.4865449694509, 4.01978426429147, 67.966354604954, 68.1067814734015, 0, 0, 0, 0, 532.186495638904, -95.2938502552465, 532.263886246629, 95.7116807633953, 18.1500232533763, -95.2938502552465, 514.036472385527, -9.2674999618847E-16, 18.5491029209995, 514.357559829314, 18.0418866534356, 514.144608985467, 10.1108417885601, 5.30960197109953, 15.4204437596582, 2.62144289377754, 0, 0, 0, 0, 532.070120741555, 0.116374897348591, 8.50435358203021E-13, 0, 0, 0, 0, 17.9255117560862, 0.116374897348591, 8.50435358203021E-13, 0, 0, 0, 0, 0.1081365999407, 0, 0, 0, 0, 0, 0, 514.036472385527, 0, 0, 0, 0, 0, 0, 29.726818258629, 32.7597267108218, 0, 0, 0, 0, 0
*@, 593.410056486146, -91.4508799521705, 600.229636499823, 607.012889544628, 61.2393874055193, 3.93950104935188, 67.966354604954, 68.1067814734015, 0, 0, 0, 0, 532.170180148526, -95.3899072582268, 532.263886246629, 95.7116807633953, 18.0605766300543, -95.3899072582268, 514.109603518471, 8.39051050860461E-17, 18.5491029209995, 514.357559829314, 17.9549290302538, 514.215251118272, 10.066537774288, 5.28156922970638, 15.348107003994, 2.60682202625984, 0, 0, 0, 0, 532.058448085009, 0.111732063517861, -2.24253355782442E-13, 0, 0, 0, 0, 17.8431969667362, 0.111732063517861, -2.24253355782442E-13, 0, 0, 0, 0, 0.105647599800485, 0, 0, 0, 0, 0, 0, 514.109603518471, 0, 0, 0, 0, 0, 0, 29.1334938696889, 32.1058935358304, 0, 0, 0, 0, 0
,@, 592.180316119231, -91.6219584734519, 600.229636499823, 607.012889544628, 60.025086683001, 3.86137519113126, 67.966354604954, 68.1067814734015, 0, 0, 0, 0, 532.1547614226, -95.482871991464, 532.263886246629, 95.7116807633953, 17.9739955576811, -95.482871991464, 514.180765864921, -7.94198040665606E-16, 18.5491029209995, 514.357559829314, 17.870724926128, 514.284036496473, 10.0235839891947, 5.25440737088046, 15.2779913600746, 2.59273356605344, 0, 0, 0, 0, 532.047457240434, 0.107304182167894, -1.00333904009655E-12, 0, 0, 0, 0, 17.7634207439611, 0.107304182167894, -1.00333904009655E-12, 0, 0, 0, 0, 0.103270631553078, 0, 0, 0, 0, 0, 0, 514.180765864921, 0, 0, 0, 0, 0, 0, 28.5558094304315, 31.4692772525695, 0, 0, 0, 0, 0
.@, 591.316230387831, -91.7418502878183, 600.229636499823, 607.012889544628, 59.1717108274248, 3.80636765066903, 67.966354604954, 68.1067814734015, 0, 0, 0, 0, 532.144194415829, -95.5478930922982, 532.263886246629, 95.7116807633953, 17.9134317740836, -95.5478930922982, 514.230762641746, 9.63396029618477E-17, 18.5491029209995, 514.357559829314, 17.8118046856049, 514.332389730225, 9.99349657794564, 5.23539078095509, 15.2288873589018, 2.58291732670309, 0, 0, 0, 0, 532.039947735421, 0.104246680408519, -1.67124872978992E-13, 0, 0, 0, 0, 17.7075580051965, 0.104246680408519, -1.67124872978992E-13, 0, 0, 0, 0, 0.101627088478706, 0, 0, 0, 0, 0, 0, 514.230762641746, 0, 0, 0, 0, 0, 0, 28.1498100898048, 31.02190073762, 0, 0, 0, 0, 0
0@, 590.651760140578, -91.833887710006, 600.229636499823, 607.012889544628, 58.5152910222836, 3.76408218355525, 67.966354604954, 68.1067814734015, 0, 0, 0, 0, 532.136221463891, -95.5977197846404, 532.263886246629, 95.7116807633953, 17.8670161666156, -95.5977197846404, 514.269205297277, -6.13328832166359E-17, 18.5491029209995, 514.357559829314, 17.7666378900449, 514.369583573847, 9.97041484394669, 5.22080749513409, 15.1912223390802, 2.57541555096469, 0, 0, 0, 0, 532.034295933936, 0.101925529954643, 1.10460720543784E-12, 0, 0, 0, 0, 17.6647123600892, 0.101925529954643, 1.10460720543784E-12, 0, 0, 0, 0, 0.100378276570678, 0, 0, 0, 0, 0, 0, 514.269205297277, 0, 0, 0, 0, 0, 0, 27.837519295805, 30.6777717264786, 0, 0, 0, 0, 0
1@, 593.507030518858, -91.4370808124941, 600.229636499823, 607.012889544628, 61.3367588616758, 3.94447613937882, 67.966354604954, 68.1067814734015, 0, 0, 0, 0, 532.171374576622, -95.3826256743314, 532.263886246629, 95.7116807633953, 18.0673684612341, -95.3826256743314, 514.104006115388, 1.61355304117983E-16, 18.5491029209995, 514.357559829314, 17.9615330836548, 514.209841492967, 10.0699052223776, 5.28369202319395, 15.3535972455724, 2.60793583808242, 0, 0, 0, 0, 532.059286986817, 0.112087589804628, -3.07703256384664E-13, 0, 0, 0, 0, 17.8494454938505, 0.112087589804628, -3.07703256384664E-13, 0, 0, 0, 0, 0.105835377579266, 0, 0, 0, 0, 0, 0, 514.104006115388, 0, 0, 0, 0, 0, 0, 29.17956614479, 32.1571927168858, 0, 0, 0, 0, 0
2@, 601.091041549963, -90.3711098877094, 601.091041549963, 607.846508367002, 68.817593031367, 4.42389453864984, 68.817593031367, 68.9596400332829, 0, 0, 0, 0, 532.27666658532, -94.7978174718409, 532.27666658532, 95.7116807633953, 18.6117345046269, -94.7978174718409, 513.664932080693, -9.51764708712055E-16, 18.6117345046269, 514.357559829314, 18.4902310903725, 513.786435494947, 10.3384246897541, 5.45384222330457, 15.7922669130587, 2.69796417731381, 0, 0, 0, 0, 532.135243158974, 0.141423426344965, 7.99760510693512E-13, 0, 0, 0, 0, 18.3488076640268, 0.141423426344965, 7.99760510693512E-13, 0, 0, 0, 0, 0.121503414254383, 0, 0, 0, 0, 0, 0, 513.664932080693, 0, 0, 0, 0, 0, 0, 32.7380146057516, 36.0795784256155, 0, 0, 0, 0, 0
3@, 605.127627715791, -89.796407134804, 605.127627715791, 611.753905225999, 72.7896228715079, 4.68055001681548, 72.7896228715079, 72.9399530177821, 0, 0, 0, 0, 532.339805499486, -94.4784480065211, 532.339805499486, 95.7116807633953, 18.9087894082043, -94.4784480065211, 513.431016091282, -7.76188141538015E-16, 18.9087894082043, 514.357559829314, 18.7782474247456, 513.56155807474, 10.4839067317381, 5.54628991229661, 16.0301966440343, 2.74805078071124, 0, 0, 0, 0, 532.181383085724, 0.158422413762422, -9.06789446498007E-14, 0, 0, 0, 0, 18.6198250109832, 0.158422413762422, -9.06789446498007E-14, 0, 0, 0, 0, 0.130541983458703, 0, 0, 0, 0, 0, 0, 513.431016091282, 0, 0, 0, 0, 0, 0, 34.6278614880578, 38.1617613834501, 0, 0, 0, 0, 0
4@, 602.898435255031, -90.1145827669846, 605.127627715791, 611.753905225999, 70.593064559862, 4.54156714858423, 72.7896228715079, 72.9399530177821, 0, 0, 0, 0, 532.304399828389, -94.6553250216163, 532.339805499486, 95.7116807633953, 18.7442567954767, -94.6553250216163, 513.560143032914, 1.802731575129E-15, 18.9087894082043, 514.357559829314, 18.6187616213385, 513.685638207052, 10.403412023481, 5.49513723664384, 15.8985492601255, 2.72021236121301, 0, 0, 0, 0, 532.155491475696, 0.148908352692402, 3.67310578596687E-13, 0, 0, 0, 0, 18.4698532686458, 0.148908352692402, 3.67310578596687E-13, 0, 0, 0, 0, 0.125495174138244, 0, 0, 0, 0, 0, 0, 513.560143032914, 0, 0, 0, 0, 0, 0, 33.5834239680851, 37.0096405917768, 0, 0, 0, 0, 0
5@, 602.530244853728, -90.1669452556851, 605.127627715791, 611.753905225999, 70.2314124763476, 4.51763337821671, 72.7896228715079, 72.9399530177821, 0, 0, 0, 0, 532.298672056513, -94.6844417499285, 532.339805499486, 95.7116807633953, 18.7171796612278, -94.6844417499285, 513.581492395287, 2.59008092751145E-16, 18.9087894082043, 514.357559829314, 18.5925055234361, 513.706166533078, 10.3901454057389, 5.48670450449541, 15.8768499102347, 2.7156556132014, 0, 0, 0, 0, 532.151304211258, 0.147367845256211, -4.64488623070994E-13, 0, 0, 0, 0, 18.4451376781803, 0.147367845256211, -4.64488623070994E-13, 0, 0, 0, 0, 0.124674137791741, 0, 0, 0, 0, 0, 0, 513.581492395287, 0, 0, 0, 0, 0, 0, 33.4112234494508, 36.8201890268968, 0, 0, 0, 0, 0
6@, 603.396037121064, -90.0436621781204, 605.127627715791, 611.753905225999, 71.0842564728226, 4.57204397212659, 72.7896228715079, 72.9399530177821, 0, 0, 0, 0, 532.31215916164, -94.6160261194781, 532.339805499486, 95.7116807633953, 18.7808231391919, -94.6160261194782, 513.53133602245, 2.79174253159376E-16, 18.9087894082043, 514.357559829314, 18.6542151561859, 513.657944005456, 10.4213207187501, 5.5065093808934, 15.9278300996436, 2.72638505654216, 0, 0, 0, 0, 532.161151175003, 0.151007986637738, 7.77773771363738E-14, 0, 0, 0, 0, 18.503207169548, 0.151007986637738, 7.77773771363738E-14, 0, 0, 0, 0, 0.126607983006042, 0, 0, 0, 0, 0, 0, 513.53133602245, 0, 0, 0, 0, 0, 0, 33.8168456971324, 37.2674107756903, 0, 0, 0, 0, 0
8@, 591.788332930489, -91.6772147244094, 605.127627715791, 611.753905225999, 59.6338689693501, 3.83936738937352, 72.7896228715079, 72.9399530177821, 0, 0, 0, 0, 532.150048423666, -95.5122247576912, 532.339805499486, 95.7116807633953, 17.9466304659796, -95.5122247576912, 514.203417957687, 1.30975612300244E-15, 18.9087894082043, 514.357559829314, 17.8441044095457, 514.30594401412, 10.0099916077356, 5.24583309840477, 15.2558247061403, 2.58827970340535, 0, 0, 0, 0, 532.044142911235, 0.105905512427397, 2.38169687037506E-12, 0, 0, 0, 0, 17.7381988971159, 0.105905512427397, 2.38169687037506E-12, 0, 0, 0, 0, 0.102526056433879, 0, 0, 0, 0, 0, 0, 514.203417957687, 0, 0, 0, 0, 0, 0, 28.370296749215, 31.2635722201351, 0, 0, 0, 0, 0
9@, 589.590038084852, -91.9808244646848, 605.127627715791, 611.753905225999, 57.4654543958517, 3.69700013640655, 72.7896228715079, 72.9399530177821, 0, 0, 0, 0, 532.123775502205, -95.6769959804114, 532.339805499486, 95.7116807633953, 17.7931548209449, -95.6769959804114, 514.33062068126, 9.17406775546858E-16, 18.9087894082043, 514.357559829314, 17.6947442677429, 514.429031234462, 9.93364259267223, 5.19758719094, 15.1312297836121, 2.56351448413076, 0, 0, 0, 0, 532.025505538517, 0.0982699636880883, 4.11602721154384E-13, 0, 0, 0, 0, 17.5964743040544, 0.0982699636880883, 4.11602721154384E-13, 0, 0, 0, 0, 0.0984105532019506, 0, 0, 0, 0, 0, 0, 514.33062068126, 0, 0, 0, 0, 0, 0, 27.3381611688365, 30.1272932270152, 0, 0, 0, 0, 0
:@, 588.427485397929, -92.1410554614944, 605.127627715791, 611.753905225999, 56.3165604610863, 3.6227885981086, 72.7896228715079, 72.9399530177821, 0, 0, 0, 0, 532.110504739901, -95.7634055146465, 532.339805499486, 95.7634055146465, 17.7126410958292, -95.7634055146465, 514.397863644072, 1.25868065969925E-16, 18.9087894082043, 514.397863644072, 17.61634780165, 514.494156938252, 9.89349946674538, 5.17224809733666, 15.0657475640826, 2.55060023756734, 0, 0, 0, 0, 532.016159461086, 0.0943452788171063, -1.5652601867476E-12, 0, 0, 0, 0, 17.5220025228344, 0.0943452788171063, -1.5652601867476E-12, 0, 0, 0, 0, 0.0962932941792142, 0, 0, 0, 0, 0, 0, 514.397863644072, 0, 0, 0, 0, 0, 0, 26.7915397831002, 29.5250206779862, 0, 0, 0, 0, 0
;@, 586.536522461581, -92.400994820918, 605.127627715791, 611.753905225999, 54.4460492990939, 3.50266239048657, 72.7896228715079, 72.9399530177821, 0, 0, 0, 0, 532.0898083903, -95.9029426860941, 532.339805499486, 95.9029426860941, 17.5825942799184, -95.9029426860941, 514.50721411038, -1.09313946783374E-15, 18.9087894082043, 514.50721411038, 17.489658833595, 514.600149556704, 9.82852666959383, 5.13127036418956, 14.9597970337827, 2.52986179981234, 0, 0, 0, 0, 532.00167710043, 0.0881312898672913, 2.12996146077563E-12, 0, 0, 0, 0, 17.4015275437256, 0.0881312898672913, 2.12996146077563E-12, 0, 0, 0, 0, 0.0929354463233857, 0, 0, 0, 0, 0, 0, 514.50721411038, 0, 0, 0, 0, 0, 0, 25.9017121691759, 28.544337129918, 0, 0, 0, 0, 0
<@, 587.099077610922, -92.3235436703467, 605.127627715791, 611.753905225999, 55.003447706787, 3.53783371017668, 72.7896228715079, 72.9399530177821, 0, 0, 0, 0, 532.095828898428, -95.8615891717567, 532.339805499486, 95.9029426860941, 17.6211427552783, -95.8615891717567, 514.474686143149, 9.31983656915492E-16, 18.9087894082043, 514.50721411038, 17.5272200088394, 514.568608889589, 9.8478034660335, 5.14342085576444, 14.9912243217986, 2.5359956870407, 0, 0, 0, 0, 532.00587003144, 0.0899588669883055, 3.0566115572789E-13, 0, 0, 0, 0, 17.4372611418508, 0.0899588669883055, 3.0566115572789E-13, 0, 0, 0, 0, 0.0939227464389551, 0, 0, 0, 0, 0, 0, 514.474686143149, 0, 0, 0, 0, 0, 0, 26.1667658111055, 28.8366818956815, 0, 0, 0, 0, 0
=@, 587.397844395474, -92.2825392854344, 605.127627715791, 611.753905225999, 55.2988681806239, 3.55690940385221, 72.7896228715079, 72.9399530177821, 0, 0, 0, 0, 532.099082119395, -95.8395611535678, 532.339805499486, 95.9029426860941, 17.6416724018881, -95.8395611535678, 514.457409717507, 1.06961314805254E-16, 18.9087894082043, 514.50721411038, 17.5472210863728, 514.551861033022, 9.85806337861321, 5.14989159641654, 15.0079549750304, 2.53926611134241, 0, 0, 0, 0, 532.008145763204, 0.0909363561914059, -8.00766008603195E-14, 0, 0, 0, 0, 17.4562847301814, 0.0909363561914059, -8.00766008603195E-14, 0, 0, 0, 0, 0.0944513155154016, 0, 0, 0, 0, 0, 0, 514.457409717507, 0, 0, 0, 0, 0, 0, 26.307318841481, 28.9915493391428, 0, 0, 0, 0, 0
>@, 589.023291852093, -92.0586763659836, 605.127627715791, 611.753905225999, 56.906662879028, 3.65994047297454, 72.7896228715079, 72.9399530177821, 0, 0, 0, 0, 532.117219786018, -95.7192286219223, 532.339805499486, 95.9029426860941, 17.7538122822892, -95.7192286219223, 514.363407503728, -4.31685936996829E-16, 18.9087894082043, 514.50721411038, 17.6564399066666, 514.46077987935, 9.91403508489277, 5.18520374254363, 15.0992388274367, 2.55720107922989, 0, 0, 0, 0, 532.020871383906, 0.0963484021142026, -1.85909327831893E-12, 0, 0, 0, 0, 17.5600915045543, 0.0963484021142026, -1.85909327831893E-12, 0, 0, 0, 0, 0.097372375622586, 0, 0, 0, 0, 0, 0, 514.363407503728, 0, 0, 0, 0, 0, 0, 27.0721251134697, 29.8345377655583, 0, 0, 0, 0, 0
?@, 591.878624868162, -91.6635325344734, 605.127627715791, 611.753905225999, 59.7286977818443, 3.84106419905439, 72.7896228715079, 72.9399530177821, 0, 0, 0, 0, 532.151006392309, -95.5056676821242, 532.339805499486, 95.9029426860941, 17.9527728492246, -95.5056676821242, 514.198233543084, -6.22436130415239E-17, 18.9087894082043, 514.50721411038, 17.8500799560582, 514.300926436251, 10.0130454278332, 5.24773891830152, 15.2607843461337, 2.58929560992451, 0, 0, 0, 0, 532.044772451595, 0.106233940715628, -1.525711371805E-12, 0, 0, 0, 0, 17.7438460153441, 0.106233940715628, -1.525711371805E-12, 0, 0, 0, 0, 0.102692893166354, 0, 0, 0, 0, 0, 0, 514.198233543084, 0, 0, 0, 0, 0, 0, 28.4145723746772, 31.3141254071671, 0, 0, 0, 0, 0
@@, 596.399085237956, -91.0327210698474, 605.127627715791, 611.753905225999, 64.1914064089191, 4.12750819540885, 72.7896228715079, 72.9399530177821, 0, 0, 0, 0, 532.2094909043, -95.1619156458585, 532.339805499486, 95.9029426860941, 18.2728735899978, -95.1619156458585, 513.936617314302, -4.74641159708966E-16, 18.9087894082043, 514.50721411038, 18.1612643368486, 514.048226567451, 10.1715764646972, 5.34804626925123, 15.5196227339484, 2.64164160290028, 0, 0, 0, 0, 532.086618815868, 0.12287208843187, 8.81499225625457E-13, 0, 0, 0, 0, 18.0383922484158, 0.12287208843187, 8.81499225625457E-13, 0, 0, 0, 0, 0.111609253149184, 0, 0, 0, 0, 0, 0, 513.936617314302, 0, 0, 0, 0, 0, 0, 30.5374798292792, 33.6539265796399, 0, 0, 0, 0, 0
€@@, 599.362554576688, -90.6157722435801, 605.127627715791, 611.753905225999, 67.1126081216741, 4.31587377395151, 72.7896228715079, 72.9399530177821, 0, 0, 0, 0, 532.251180798995, -94.9327478807976, 532.339805499486, 95.9029426860941, 18.486167019008, -94.9327478807976, 513.765013779987, 1.1196651245049E-15, 18.9087894082043, 514.50721411038, 18.3683827613475, 513.882798037648, 10.2767100279918, 5.41469056209267, 15.6914005900827, 2.67698217126498, 0, 0, 0, 0, 532.116746076278, 0.134434722713455, 2.71589976381359E-12, 0, 0, 0, 0, 18.2339480386314, 0.134434722713455, 2.71589976381359E-12, 0, 0, 0, 0, 0.117784257660497, 0, 0, 0, 0, 0, 0, 513.765013779987, 0, 0, 0, 0, 0, 0, 31.9272676353875, 35.1853404862866, 0, 0, 0, 0, 0
A@, 599.464608912699, -90.6014625145623, 605.127627715791, 611.753905225999, 67.2119635328334, 4.32324522734322, 72.7896228715079, 72.9399530177821, 0, 0, 0, 0, 532.252688266097, -94.9247454934898, 532.339805499486, 95.9029426860941, 18.4936040134444, -94.9247454934898, 513.759084252653, -1.80364750912432E-15, 18.9087894082043, 514.50721411038, 18.3756010750554, 513.877087191043, 10.2803680124128, 5.41701698400626, 15.6973849964187, 2.67821607863668, 0, 0, 0, 0, 532.117848253551, 0.134840012544759, 8.68139423628061E-13, 0, 0, 0, 0, 18.2407610625097, 0.134840012544759, 8.68139423628061E-13, 0, 0, 0, 0, 0.118002938389066, 0, 0, 0, 0, 0, 0, 513.759084252653, 0, 0, 0, 0, 0, 0, 31.9747433777074, 35.237220155126, 0, 0, 0, 0, 0
€A@, 598.000775825334, -90.8079521459015, 605.127627715791, 611.753905225999, 65.7684319596584, 4.23091983374674, 72.7896228715079, 72.9399530177821, 0, 0, 0, 0, 532.231742879102, -95.0383265689162, 532.339805499486, 95.9029426860941, 18.3878950630676, -95.0383265689162, 513.843847816036, -2.58784313422744E-16, 18.9087894082043, 514.50721411038, 18.2729783309054, 513.958764548198, 10.2283182197056, 5.38401394864527, 15.6123321683513, 2.66064616255409, 0, 0, 0, 0, 532.102689784892, 0.129053094211116, -3.2105726007004E-13, 0, 0, 0, 0, 18.1439252366946, 0.129053094211116, -3.2105726007004E-13, 0, 0, 0, 0, 0.114916732162207, 0, 0, 0, 0, 0, 0, 513.843847816036, 0, 0, 0, 0, 0, 0, 31.2881227418411, 34.4803092178173, 0, 0, 0, 0, 0
B@, 598.099495585023, -90.7939841531881, 605.127627715791, 611.753905225999, 65.8664136327676, 4.23669768631578, 72.7896228715079, 72.9399530177821, 0, 0, 0, 0, 532.233122112462, -95.0307179801016, 532.339805499486, 95.9029426860941, 18.3949815743768, -95.0307179801015, 513.838140538084, -1.81811163346701E-16, 18.9087894082043, 514.50721411038, 18.2798593862564, 513.953262726206, 10.2318109505289, 5.3862248025969, 15.6180357531254, 2.66182363313089, 0, 0, 0, 0, 532.103681678513, 0.129440433946737, 1.86190702934151E-12, 0, 0, 0, 0, 18.1504189523077, 0.129440433946737, 1.86190702934151E-12, 0, 0, 0, 0, 0.115122188120464, 0, 0, 0, 0, 0, 0, 513.838140538084, 0, 0, 0, 0, 0, 0, 31.3346256004218, 34.5317880323459, 0, 0, 0, 0, 0
€B@, 595.140260481176, -91.2094575388776, 605.127627715791, 611.753905225999, 62.9464321930371, 4.0498592850389, 72.7896228715079, 72.9399530177821, 0, 0, 0, 0, 532.192656361325, -95.2582106729253, 532.339805499486, 95.9029426860941, 18.1832024820939, -95.2582106729253, 514.009453879231, -1.01639356653305E-15, 18.9087894082043, 514.50721411038, 18.0741340777789, 514.118522283545, 10.1272572394742, 5.31999567719911, 15.4472529166741, 2.62688116110478, 0, 0, 0, 0, 532.074543816187, 0.118112545139258, -8.11781917580665E-13, 0, 0, 0, 0, 17.9560215326404, 0.118112545139258, -8.11781917580665E-13, 0, 0, 0, 0, 0.109068404315054, 0, 0, 0, 0, 0, 0, 514.009453879231, 0, 0, 0, 0, 0, 0, 29.9457001010101, 33.000732092027, 0, 0, 0, 0, 0
C@, 595.038506988557, -91.223514852384, 605.127627715791, 611.753905225999, 62.8471829663061, 4.04255741881367, 72.7896228715079, 72.9399530177821, 0, 0, 0, 0, 532.191283331838, -95.2660335248007, 532.339805499486, 95.9029426860941, 18.1759268496829, -95.2660335248007, 514.015356482156, -2.5955800009303E-16, 18.9087894082043, 514.50721411038, 18.0670632094749, 514.124220122364, 10.1236591338902, 5.31771246751567, 15.4413716014051, 2.6256916080697, 0, 0, 0, 0, 532.073549115099, 0.11773421673837, 2.15266748820285E-13, 0, 0, 0, 0, 17.9493289927363, 0.11773421673837, 2.15266748820285E-13, 0, 0, 0, 0, 0.108863640208038, 0, 0, 0, 0, 0, 0, 514.015356482156, 0, 0, 0, 0, 0, 0, 29.8983003474328, 32.9488826188733, 0, 0, 0, 0, 0
€C@, 592.546689113549, -91.5711344015602, 605.127627715791, 611.753905225999, 60.3864154834679, 3.88500800650622, 72.7896228715079, 72.9399530177821, 0, 0, 0, 0, 532.159320140917, -95.4552078349929, 532.339805499486, 95.9029426860941, 17.999758174667, -95.4552078349929, 514.15956196625, 1.15218251606208E-15, 18.9087894082043, 514.50721411038, 17.8957836032145, 514.263536537702, 10.0363719142087, 5.2624944267611, 15.2988663409706, 2.59691726224395, 0, 0, 0, 0, 532.050706890081, 0.108613250836315, -6.18647247253423E-13, 0, 0, 0, 0, 17.7871703523789, 0.108613250836315, -6.18647247253423E-13, 0, 0, 0, 0, 0.103974571452489, 0, 0, 0, 0, 0, 0, 514.15956196625, 0, 0, 0, 0, 0, 0, 28.7277798924901, 31.6586355909778, 0, 0, 0, 0, 0
D@, 592.644687880296, -91.5573129472586, 605.127627715791, 611.753905225999, 60.4842078519924, 3.89050062648339, 72.7896228715079, 72.9399530177821, 0, 0, 0, 0, 532.160517135473, -95.4478496022374, 532.339805499486, 95.9029426860941, 18.0066178768089, -95.4478496022374, 514.153899258664, -9.05539532247702E-16, 18.9087894082043, 514.50721411038, 17.9024554093559, 514.258061726118, 10.0397766208821, 5.26464256588262, 15.3044191867648, 2.59803622259107, 0, 0, 0, 0, 532.051550631191, 0.108966504280558, 9.15833109983202E-13, 0, 0, 0, 0, 17.7934889050744, 0.108966504280558, 9.15833109983202E-13, 0, 0, 0, 0, 0.10416246745302, 0, 0, 0, 0, 0, 0, 514.153899258664, 0, 0, 0, 0, 0, 0, 28.7741497220699, 31.7100581299225, 0, 0, 0, 0, 0
€D@, 595.601804660434, -91.1445206152864, 605.127627715791, 611.753905225999, 63.4042356443121, 4.07739914918596, 72.7896228715079, 72.9399530177821, 0, 0, 0, 0, 532.198743116055, -95.223023818057, 532.339805499486, 95.9029426860941, 18.2159794712206, -95.223023818057, 513.982763644834, 1.22700807847487E-15, 18.9087894082043, 514.50721411038, 18.1059862141909, 514.092756901863, 10.1434660406091, 5.33024662243656, 15.4737126630443, 2.63227355114663, 0, 0, 0, 0, 532.078894326244, 0.119848789808618, 1.47103607491676E-12, 0, 0, 0, 0, 17.9861374243809, 0.119848789808618, 1.47103607491676E-12, 0, 0, 0, 0, 0.109993257029608, 0, 0, 0, 0, 0, 0, 513.982763644834, 0, 0, 0, 0, 0, 0, 30.1631080549909, 33.2411275893212, 0, 0, 0, 0, 0
E@, 602.990720026189, -90.1012965596854, 605.127627715791, 611.753905225999, 70.6881692523313, 4.54421271521234, 72.7896228715079, 72.9399530177821, 0, 0, 0, 0, 532.305758446657, -94.6482436119387, 532.339805499486, 95.9029426860941, 18.7508811347694, -94.6482436119387, 513.554877311889, 5.30386498609481E-16, 18.9087894082043, 514.50721411038, 18.6251852774451, 513.680573169214, 10.406660307383, 5.49717820077135, 15.9038385081556, 2.72134676928946, 0, 0, 0, 0, 532.156453949781, 0.149304496879192, -2.16826031167385E-12, 0, 0, 0, 0, 18.4758807805681, 0.149304496879192, -2.16826031167385E-12, 0, 0, 0, 0, 0.125695857324298, 0, 0, 0, 0, 0, 0, 513.554877311889, 0, 0, 0, 0, 0, 0, 33.6278863392787, 37.0602829130526, 0, 0, 0, 0, 0
€E@, 605.029222729443, -89.8104888240801, 605.127627715791, 611.753905225999, 72.6919078741162, 4.67500890533394, 72.7896228715079, 72.9399530177821, 0, 0, 0, 0, 532.338224621222, -94.4862511722974, 532.339805499486, 95.9029426860941, 18.90152436586, -94.4862511722974, 513.436700255361, -2.69973279842794E-16, 18.9087894082043, 514.50721411038, 18.77120721161, 513.567017409611, 10.4803562840187, 5.54403698988611, 16.0243932739061, 2.74681393770395, 0, 0, 0, 0, 532.180230029024, 0.157994592198535, 1.13556128684316E-13, 0, 0, 0, 0, 18.6132126194114, 0.157994592198535, 1.13556128684316E-13, 0, 0, 0, 0, 0.130317154249916, 0, 0, 0, 0, 0, 0, 513.436700255361, 0, 0, 0, 0, 0, 0, 34.5815486098886, 38.1103592642276, 0, 0, 0, 0, 0
F@, 604.630975636482, -89.8674366264854, 605.127627715791, 611.753905225999, 72.2989869078589, 4.65064050428646, 72.7896228715079, 72.9399530177821, 0, 0, 0, 0, 532.331811931508, -94.5179300488824, 532.339805499486, 95.9029426860941, 18.8720535806219, -94.5179300488824, 513.459758350886, 2.08359718367746E-15, 18.9087894082043, 514.50721411038, 18.7426468917761, 513.589165039732, 10.465951850897, 5.53488321750279, 16.0008350684006, 2.74181182337548, 0, 0, 0, 0, 532.175537577852, 0.1562743536547, 1.11393802172509E-12, 0, 0, 0, 0, 18.5863725381202, 0.1562743536547, 1.11393802172509E-12, 0, 0, 0, 0, 0.1294066888458, 0, 0, 0, 0, 0, 0, 513.459758350886, 0, 0, 0, 0, 0, 0, 34.3948348738246, 37.9041520340344, 0, 0, 0, 0, 0
€F@, 602.997972338631, -90.1004015824096, 605.127627715791, 611.753905225999, 70.6913135919058, 4.54767325176825, 72.7896228715079, 72.9399530177821, 0, 0, 0, 0, 532.305946328528, -94.6474698428253, 532.339805499486, 95.9029426860941, 18.7515658533956, -94.6474698428253, 513.554380475133, -1.01411760933257E-15, 18.9087894082043, 514.50721411038, 18.6258486530809, 513.680097675448, 10.4069926508768, 5.49741071108626, 15.904403361962, 2.72144529111893, 0, 0, 0, 0, 532.156619183722, 0.149327144807362, -3.74693681938397E-13, 0, 0, 0, 0, 18.476521508274, 0.149327144807362, -3.74693681938397E-13, 0, 0, 0, 0, 0.125717200314669, 0, 0, 0, 0, 0, 0, 513.554380475133, 0, 0, 0, 0, 0, 0, 33.6301159797, 37.0611976122058, 0, 0, 0, 0, 0
G@, 604.262716956999, -89.9200302495223, 605.127627715791, 611.753905225999, 71.9373823006618, 4.62676934343361, 72.7896228715079, 72.9399530177821, 0, 0, 0, 0, 532.325893265216, -94.5472662204138, 532.339805499486, 95.9029426860941, 18.844777271203, -94.5472662204138, 513.481115994013, -1.72660497010924E-16, 18.9087894082043, 514.50721411038, 18.7162106793702, 513.609682585846, 10.452615351259, 5.52639971977398, 15.9790150710327, 2.73719560833741, 0, 0, 0, 0, 532.171197618711, 0.154695646506877, -1.12448271179923E-12, 0, 0, 0, 0, 18.5615150328644, 0.154695646506877, -1.12448271179923E-12, 0, 0, 0, 0, 0.128566591832827, 0, 0, 0, 0, 0, 0, 513.481115994013, 0, 0, 0, 0, 0, 0, 34.2226678543509, 37.7147144463109, 0, 0, 0, 0, 0
H@, 593.914887132066, -91.3811201146527, 605.127627715791, 611.753905225999, 61.7341097367816, 3.97418970982134, 72.7896228715079, 72.9399530177821, 0, 0, 0, 0, 532.176730050055, -95.3514357432603, 532.339805499486, 95.9029426860941, 18.0963781391056, -95.3514357432603, 514.08035191095, -7.93210983007775E-16, 18.9087894082043, 514.50721411038, 17.9897382373801, 514.186991812675, 10.0842774535473, 5.29280804788684, 15.3770855014346, 2.6126527359456, 0, 0, 0, 0, 532.063160097612, 0.113569952441623, 1.67403342453984E-12, 0, 0, 0, 0, 17.8761682849368, 0.113569952441623, 1.67403342453984E-12, 0, 0, 0, 0, 0.106639901725418, 0, 0, 0, 0, 0, 0, 514.08035191095, 0, 0, 0, 0, 0, 0, 29.3694150467375, 32.3646946900441, 0, 0, 0, 0, 0
€H@, 590.819375586629, -91.8108871641726, 605.127627715791, 611.753905225999, 58.6799725306385, 3.77540401994703, 72.7896228715079, 72.9399530177821, 0, 0, 0, 0, 532.138245062722, -95.5851266814579, 532.339805499486, 95.9029426860941, 17.8787420947114, -95.5851266814579, 514.259502968011, 1.12906385629774E-15, 18.9087894082043, 514.50721411038, 17.7780492327364, 514.360195829985, 9.97624748121888, 5.22449602713964, 15.2007435083579, 2.5773057243785, 0, 0, 0, 0, 532.035737814717, 0.102507248004417, 7.5779589344897E-13, 0, 0, 0, 0, 17.6755419847312, 0.102507248004417, 7.5779589344897E-13, 0, 0, 0, 0, 0.100692861975081, 0, 0, 0, 0, 0, 0, 514.259502968011, 0, 0, 0, 0, 0, 0, 27.9159992084379, 30.7639733222006, 0, 0, 0, 0, 0
I@, 589.224445997709, -92.0312345982007, 605.127627715791, 611.753905225999, 57.1043074134368, 3.67358959291788, 72.7896228715079, 72.9399530177821, 0, 0, 0, 0, 532.119555504101, -95.7042231477328, 532.339805499486, 95.9029426860941, 17.767787069449, -95.7042231477329, 514.351768434653, -9.08700198420931E-17, 18.9087894082043, 514.50721411038, 17.6700467355791, 514.449508768523, 9.9210012685521, 5.18960583233258, 15.1106071008862, 2.55943963469295, 0, 0, 0, 0, 532.022528225194, 0.0970272789082139, -1.00262844391266E-12, 0, 0, 0, 0, 17.5730194566719, 0.0970272789082139, -1.00262844391266E-12, 0, 0, 0, 0, 0.0977403338698861, 0, 0, 0, 0, 0, 0, 514.351768434653, 0, 0, 0, 0, 0, 0, 27.1663191986135, 29.9379882148233, 0, 0, 0, 0, 0
€I@, 587.001171258228, -92.3372812120005, 605.127627715791, 611.753905225999, 54.9055835012939, 3.53231855065877, 72.7896228715079, 72.9399530177821, 0, 0, 0, 0, 532.094800499619, -95.8687602743652, 532.339805499486, 95.9029426860941, 17.6144538837325, -95.8687602743652, 514.480346615887, -9.20097331658098E-17, 18.9087894082043, 514.50721411038, 17.5207029832199, 514.5740975164, 9.84445929081142, 5.14131617713169, 14.9857754679428, 2.53492751527713, 0, 0, 0, 0, 532.005162179494, 0.0896383201225164, 2.72776444714521E-12, 0, 0, 0, 0, 17.4310646630946, 0.0896383201225164, 2.72776444714521E-12, 0, 0, 0, 0, 0.093750900512555, 0, 0, 0, 0, 0, 0, 514.480346615887, 0, 0, 0, 0, 0, 0, 26.1203441391103, 28.7852393621836, 0, 0, 0, 0, 0
J@, 587.198825442646, -92.309886269888, 605.127627715791, 611.753905225999, 55.1019801172765, 3.54427380679216, 72.7896228715079, 72.9399530177821, 0, 0, 0, 0, 532.096915074172, -95.8542341230271, 532.339805499486, 95.9029426860941, 17.62799695469, -95.8542341230271, 514.468918119482, 6.14317624547667E-16, 18.9087894082043, 514.50721411038, 17.5338979548919, 514.56301711928, 9.85122941946591, 5.14558181716977, 14.996811236636, 2.53708671825594, 0, 0, 0, 0, 532.006630578286, 0.0902844958855204, 1.05607472355083E-12, 0, 0, 0, 0, 17.4436134590053, 0.0902844958855204, 1.05607472355083E-12, 0, 0, 0, 0, 0.0940989997981386, 0, 0, 0, 0, 0, 0, 514.468918119482, 0, 0, 0, 0, 0, 0, 26.2136583441314, 28.8883217731451, 0, 0, 0, 0, 0
€J@, 588.824119328439, -92.0861355358439, 605.127627715791, 611.753905225999, 56.7097553209713, 3.6472764710665, 72.7896228715079, 72.9399530177821, 0, 0, 0, 0, 532.114952971802, -95.7340238281676, 532.339805499486, 95.9029426860941, 17.7400258646479, -95.7340238281676, 514.374927107154, 3.29571439583454E-16, 18.9087894082043, 514.50721411038, 17.6430156593409, 514.471937312461, 9.90716051994825, 5.18086490739717, 15.0880254273442, 2.55499023199681, 0, 0, 0, 0, 532.019276063646, 0.0956769081591659, -2.61850723947553E-12, 0, 0, 0, 0, 17.5473387511844, 0.0956769081591659, -2.61850723947553E-12, 0, 0, 0, 0, 0.0970102053069638, 0, 0, 0, 0, 0, 0, 514.374927107154, 0, 0, 0, 0, 0, 0, 26.9784508827096, 29.7313044382617, 0, 0, 0, 0, 0
K@, 592.077720598563, -91.6358600230579, 605.127627715791, 611.753905225999, 59.9255034402026, 3.85359877900575, 72.7896228715079, 72.9399530177821, 0, 0, 0, 0, 532.153450010681, -95.4906787414366, 532.339805499486, 95.9029426860941, 17.9667349179133, -95.4906787414366, 514.186715092767, -3.80848130809852E-16, 18.9087894082043, 514.50721411038, 17.863662164281, 514.289787846399, 10.0199795921889, 5.25212132062943, 15.2721009128183, 2.59156125146269, 0, 0, 0, 0, 532.046508575612, 0.106941435068334, -2.00164088912289E-13, 0, 0, 0, 0, 17.7567207292129, 0.106941435068334, -2.00164088912289E-13, 0, 0, 0, 0, 0.103072753632319, 0, 0, 0, 0, 0, 0, 514.186715092767, 0, 0, 0, 0, 0, 0, 28.5081746222043, 31.4173288179984, 0, 0, 0, 0, 0
€K@, 595.701127408405, -91.1305762597643, 605.127627715791, 611.753905225999, 63.5025005394816, 4.08350225064494, 72.7896228715079, 72.9399530177821, 0, 0, 0, 0, 532.200066981843, -95.2154314946385, 532.339805499486, 95.9029426860941, 18.2230497010023, -95.2154314946385, 513.977017280843, 7.66874411195495E-16, 18.9087894082043, 514.50721411038, 18.1128563481758, 514.087210633669, 10.1469608830253, 5.33245843223042, 15.479419315255, 2.6334370329208, 0, 0, 0, 0, 532.079843299569, 0.120223682274193, 6.94408576072918E-13, 0, 0, 0, 0, 17.9926326659009, 0.120223682274193, 6.94408576072918E-13, 0, 0, 0, 0, 0.1101933528266, 0, 0, 0, 0, 0, 0, 513.977017280843, 0, 0, 0, 0, 0, 0, 30.2098115529684, 33.2926889865132, 0, 0, 0, 0, 0
L@, 598.862944755642, -90.6862690638998, 605.127627715791, 611.753905225999, 66.6202850489873, 4.28414624385092, 72.7896228715079, 72.9399530177821, 0, 0, 0, 0, 532.243968325551, -94.97159137947, 532.339805499486, 95.9029426860941, 18.4500194412214, -94.97159137947, 513.793948884329, -1.24476817742192E-16, 18.9087894082043, 514.50721411038, 18.3332944629599, 513.91067386259, 10.2589200173506, 5.40340703178582, 15.6623270491362, 2.67096741382364, 0, 0, 0, 0, 532.111519441249, 0.132448884304248, -2.21935078925897E-12, 0, 0, 0, 0, 18.2008455786578, 0.132448884304248, -2.21935078925897E-12, 0, 0, 0, 0, 0.116724978261573, 0, 0, 0, 0, 0, 0, 513.793948884329, 0, 0, 0, 0, 0, 0, 31.6930438192755, 34.9272412297118, 0, 0, 0, 0, 0
€L@, 598.399520603881, -90.7517463952627, 605.127627715791, 611.753905225999, 66.1619504080507, 4.25589673560893, 72.7896228715079, 72.9399530177821, 0, 0, 0, 0, 532.237379460388, -95.0074706767978, 532.339805499486, 95.9029426860941, 18.4166161650485, -95.0074706767978, 513.82076329534, 7.03643740496141E-16, 18.9087894082043, 514.50721411038, 18.3008653209766, 513.936514139412, 10.2424696722769, 5.39298347941299, 15.6354531516908, 2.66541216928583, 0, 0, 0, 0, 532.106762187394, 0.130617272994173, 1.09094212397504E-12, 0, 0, 0, 0, 18.1702480479813, 0.130617272994173, 1.09094212397504E-12, 0, 0, 0, 0, 0.115750844071832, 0, 0, 0, 0, 0, 0, 513.82076329534, 0, 0, 0, 0, 0, 0, 31.4752610942239, 34.6866893138268, 0, 0, 0, 0, 0
M@, 596.569949312823, -91.009086377306, 605.127627715791, 611.753905225999, 64.3573302078971, 4.14026298955144, 72.7896228715079, 72.9399530177821, 0, 0, 0, 0, 532.211881477204, -95.1486664056434, 532.339805499486, 95.9029426860941, 18.2851885894352, -95.1486664056434, 513.926692887769, -6.6115515839904E-17, 18.9087894082043, 514.50721411038, 18.173227649982, 514.038653827221, 10.1776556917333, 5.35190958075777, 15.5295652724915, 2.64366237749051, 0, 0, 0, 0, 532.088361190783, 0.123520286420061, 6.99001120065621E-13, 0, 0, 0, 0, 18.0497073635612, 0.123520286420061, 6.99001120065621E-13, 0, 0, 0, 0, 0.111960939453188, 0, 0, 0, 0, 0, 0, 513.926692887769, 0, 0, 0, 0, 0, 0, 30.6168393914119, 33.7404908164852, 0, 0, 0, 0, 0
€M@, 592.846621489559, -91.5295058261631, 605.127627715791, 611.753905225999, 60.6821059936568, 3.90441308373918, 72.7896228715079, 72.9399530177821, 0, 0, 0, 0, 532.1630843291, -95.4325229634744, 532.339805499486, 95.9029426860941, 18.0208827636608, -95.4325229634744, 514.14220156544, -8.60471416341824E-16, 18.9087894082043, 514.50721411038, 17.9163288648346, 514.246755464266, 10.0468533372181, 5.26912400190936, 15.3159773391276, 2.60035152570697, 0, 0, 0, 0, 532.053393625911, 0.109690703186087, 3.54312761605755E-12, 0, 0, 0, 0, 17.806638161645, 0.109690703186087, 3.54312761605755E-12, 0, 0, 0, 0, 0.104553898826139, 0, 0, 0, 0, 0, 0, 514.14220156544, 0, 0, 0, 0, 0, 0, 28.8685240089216, 31.8135819847352, 0, 0, 0, 0, 0
N@, 590.81869736061, -91.8108900790016, 605.127627715791, 611.753905225999, 58.6797135899913, 3.77506719863962, 72.7896228715079, 72.9399530177821, 0, 0, 0, 0, 532.138225815665, -95.5851946501849, 532.339805499486, 95.9029426860941, 17.8786812107721, -95.5851946501849, 514.259544604894, 5.83115153385272E-16, 18.9087894082043, 514.50721411038, 17.7779899820527, 514.360235833613, 9.97621739145706, 5.22447526928959, 15.2006926607467, 2.57729732130598, 0, 0, 0, 0, 532.035720328983, 0.102505486683046, -6.65799158192597E-13, 0, 0, 0, 0, 17.6754844953703, 0.102505486683046, -6.65799158192597E-13, 0, 0, 0, 0, 0.100691228719419, 0, 0, 0, 0, 0, 0, 514.259544604894, 0, 0, 0, 0, 0, 0, 27.9158162690151, 30.7638973209762, 0, 0, 0, 0, 0
€N@, 589.987655057437, -91.9257649900993, 605.127627715791, 611.753905225999, 57.8589595910875, 3.72191189982491, 72.7896228715079, 72.9399530177821, 0, 0, 0, 0, 532.128388397591, -95.6473637660413, 532.339805499486, 95.9029426860941, 17.8207656635419, -95.6473637660413, 514.30762273405, -6.59361454324881E-16, 18.9087894082043, 514.50721411038, 17.7216223492984, 514.406766048294, 9.94739486734463, 5.20626870813646, 15.153663575481, 2.56795877381735, 0, 0, 0, 0, 532.028756815064, 0.0996315825272468, 5.91149642198837E-13, 0, 0, 0, 0, 17.6219907667706, 0.0996315825272468, 5.91149642198837E-13, 0, 0, 0, 0, 0.0991433142434007, 0, 0, 0, 0, 0, 0, 514.30762273405, 0, 0, 0, 0, 0, 0, 27.5252908878572, 30.3336687032302, 0, 0, 0, 0, 0
O@, 589.987138508078, -91.9257617548836, 605.127627715791, 611.753905225999, 57.8587644375467, 3.72165425166897, 72.7896228715079, 72.9399530177821, 0, 0, 0, 0, 532.128373641427, -95.6474154102002, 532.339805499486, 95.9029426860941, 17.8207195299848, -95.6474154102002, 514.307654111444, 7.75740582881213E-16, 18.9087894082043, 514.50721411038, 17.7215774375776, 514.406796203851, 9.94737204692935, 5.20625295360642, 15.1536250005369, 2.5679524370407, 0, 0, 0, 0, 532.028743384759, 0.0996302566694919, -8.1396373068012E-13, 0, 0, 0, 0, 17.6219471809089, 0.0996302566694919, -8.1396373068012E-13, 0, 0, 0, 0, 0.0991420924071878, 0, 0, 0, 0, 0, 0, 514.307654111444, 0, 0, 0, 0, 0, 0, 27.5251531617478, 30.3336112757989, 0, 0, 0, 0, 0
€O@, 589.987138105215, -91.9257617493919, 605.127627715791, 611.753905225999, 57.8587642872695, 3.72165403159765, 72.7896228715079, 72.9399530177821, 0, 0, 0, 0, 532.128373557123, -95.6474155251921, 532.339805499486, 95.9029426860941, 17.8207194209569, -95.6474155251921, 514.307654136166, -6.52956855251574E-16, 18.9087894082043, 514.50721411038, 17.7215773287034, 514.40679622842, 9.94737195654929, 5.20625294146259, 15.1536248980117, 2.56795243069168, 0, 0, 0, 0, 532.028743301282, 0.0996302558431613, -1.8565284962492E-12, 0, 0, 0, 0, 17.6219470728621, 0.0996302558431613, -1.8565284962492E-12, 0, 0, 0, 0, 0.0991420922535161, 0, 0, 0, 0, 0, 0, 514.307654136166, 0, 0, 0, 0, 0, 0, 27.5251530473743, 30.3336112398951, 0, 0, 0, 0, 0
P@, 590.451774620409, -91.8614670279439, 605.127627715791, 611.753905225999, 58.3181104882091, 3.7510624410481, 72.7896228715079, 72.9399530177821, 0, 0, 0, 0, 532.133836424011, -95.6127036691661, 532.339805499486, 95.9029426860941, 17.8530595444279, -95.6127036691661, 514.280776879584, -1.02353889253059E-16, 18.9087894082043, 514.50721411038, 17.7530549181111, 514.3807815059, 9.96347066074036, 5.2164193240506, 15.1798899847908, 2.57316493332021, 0, 0, 0, 0, 532.0326037845, 0.101232639510998, 8.77121101955798E-14, 0, 0, 0, 0, 17.6518222786, 0.101232639510998, 8.77121101955798E-14, 0, 0, 0, 0, 0.100004626316805, 0, 0, 0, 0, 0, 0, 514.280776879584, 0, 0, 0, 0, 0, 0, 27.7436523569519, 30.5744581312572, 0, 0, 0, 0, 0
@P@, 591.613925646315, -91.7003989444763, 605.127627715791, 611.753905225999, 59.4665758373655, 3.82472097814776, 72.7896228715079, 72.9399530177821, 0, 0, 0, 0, 532.147787692635, -95.5255557190251, 532.339805499486, 95.9029426860941, 17.9342436562784, -95.5255557190251, 514.213544036355, -8.6544486854745E-16, 18.9087894082043, 514.50721411038, 17.8320535821608, 514.315734110473, 10.0038399699711, 5.24192374743171, 15.2457637174015, 2.58628986475929, 0, 0, 0, 0, 532.042491395537, 0.105296297099147, -1.34536446891445E-12, 0, 0, 0, 0, 17.726757285063, 0.105296297099147, -1.34536446891445E-12, 0, 0, 0, 0, 0.102190074117577, 0, 0, 0, 0, 0, 0, 514.213544036355, 0, 0, 0, 0, 0, 0, 28.2899709941674, 31.1766048431982, 0, 0, 0, 0, 0
€P@, 600.324023162089, -90.4796883802291, 605.127627715791, 611.753905225999, 68.0624637890477, 4.37496105168345, 72.7896228715079, 72.9399530177821, 0, 0, 0, 0, 532.265218627618, -94.8578828939886, 532.339805499486, 95.9029426860941, 18.555851031403, -94.8578828939886, 513.709367596216, -5.77891900999106E-16, 18.9087894082043, 514.50721411038, 18.4360105201511, 513.829208107468, 10.3109759068049, 5.43641808779547, 15.7473939946013, 2.68861652554978, 0, 0, 0, 0, 532.126915860889, 0.138302766727956, 1.08462380652514E-12, 0, 0, 0, 0, 18.297707753422, 0.138302766727956, 1.08462380652514E-12, 0, 0, 0, 0, 0.119840511251919, 0, 0, 0, 0, 0, 0, 513.709367596216, 0, 0, 0, 0, 0, 0, 32.3787061915468, 35.6837575975009, 0, 0, 0, 0, 0
ÀP@, 603.860672874669, -89.9773863980314, 605.127627715791, 611.753905225999, 71.5427542081673, 4.60055627143311, 72.7896228715079, 72.9399530177821, 0, 0, 0, 0, 532.31947382982, -94.5792509925623, 532.339805499486, 95.9029426860941, 18.8150385540933, -94.5792509925623, 513.504435275727, -1.01301085575489E-15, 18.9087894082043, 514.50721411038, 18.6873847679468, 513.632089061874, 10.4380682466714, 5.51714690134934, 15.9552151480208, 2.732169619926, 0, 0, 0, 0, 532.166492173378, 0.152981656441727, 5.29686375432234E-13, 0, 0, 0, 0, 18.5344031115045, 0.152981656441727, 5.29686375432234E-13, 0, 0, 0, 0, 0.127653786146486, 0, 0, 0, 0, 0, 0, 513.504435275727, 0, 0, 0, 0, 0, 0, 34.0347424818184, 37.508011726349, 0, 0, 0, 0, 0
Q@, 606.363423573703, -89.6193794943239, 606.363423573703, 612.950434071932, 74.0044378758413, 4.75924594886863, 74.0044378758413, 74.1573141862695, 0, 0, 0, 0, 532.36011863937, -94.3795481228762, 532.36011863937, 95.9029426860941, 19.0007479067152, -94.3795481228762, 513.359370732656, -1.41338329928686E-16, 19.0007479067152, 514.50721411038, 18.8673414679763, 513.492777171394, 10.5288012401406, 5.5748540706392, 16.1036553107802, 2.76368615719614, 0, 0, 0, 0, 532.196299558803, 0.163819080570167, -2.22294269227156E-12, 0, 0, 0, 0, 18.7035223874084, 0.163819080570167, -2.22294269227156E-12, 0, 0, 0, 0, 0.133406438738937, 0, 0, 0, 0, 0, 0, 513.359370732656, 0, 0, 0, 0, 0, 0, 35.2059105939972, 38.7985272818441, 0, 0, 0, 0, 0
@Q@, 604.732070921638, -89.8529935015275, 606.363423573703, 612.950434071932, 72.3978949727362, 4.65745914133649, 74.0044378758413, 74.1573141862695, 0, 0, 0, 0, 532.333450290543, -94.5098501911084, 532.36011863937, 95.9029426860941, 18.8795627411311, -94.5098501911084, 513.453887549411, -3.80320774873156E-17, 19.0007479067152, 514.50721411038, 18.7499242391761, 513.583526051365, 10.4696221017118, 5.53722003600412, 16.0068421377162, 2.74308210145988, 0, 0, 0, 0, 532.176741872118, 0.156708418423893, 1.31762738644736E-12, 0, 0, 0, 0, 18.5932158207509, 0.156708418423893, 1.31762738644736E-12, 0, 0, 0, 0, 0.129638501954986, 0, 0, 0, 0, 0, 0, 513.453887549411, 0, 0, 0, 0, 0, 0, 34.4419944442915, 37.9559005284447, 0, 0, 0, 0, 0
€Q@, 603.964242865996, -89.9626525004416, 606.363423573703, 612.950434071932, 71.6427505121901, 4.60856397570655, 74.0044378758413, 74.1573141862695, 0, 0, 0, 0, 532.321153223231, -94.5709320155117, 532.36011863937, 95.9029426860941, 18.822758585037, -94.5709320155117, 513.498394638195, -3.92519350356224E-16, 19.0007479067152, 514.50721411038, 18.6948679091361, 513.626285314096, 10.4418440225955, 5.51955739857551, 15.9614014211702, 2.73346648796591, 0, 0, 0, 0, 532.167734305134, 0.153418918097943, -1.57814176381725E-12, 0, 0, 0, 0, 18.5414489910398, 0.153418918097943, -1.57814176381725E-12, 0, 0, 0, 0, 0.127890675900882, 0, 0, 0, 0, 0, 0, 513.498394638195, 0, 0, 0, 0, 0, 0, 34.0826741789355, 37.5600763332546, 0, 0, 0, 0, 0
R@, 594.080829432995, -91.3579310068072, 606.363423573703, 612.950434071932, 61.8980903130999, 3.98459961330947, 74.0044378758413, 74.1573141862695, 0, 0, 0, 0, 532.178865495727, -95.3388309332081, 532.36011863937, 95.9029426860941, 18.1081167144124, -95.3388309332081, 514.070748781315, -9.95446780560627E-16, 19.0007479067152, 514.50721411038, 18.0011503148324, 514.177715180895, 10.0900919887051, 5.29648632837822, 15.3865783170827, 2.61457199774972, 0, 0, 0, 0, 532.064685953977, 0.1141795417505, -8.39918437764878E-13, 0, 0, 0, 0, 17.8869707730827, 0.1141795417505, -8.39918437764878E-13, 0, 0, 0, 0, 0.106966399580001, 0, 0, 0, 0, 0, 0, 514.070748781315, 0, 0, 0, 0, 0, 0, 29.4473998910137, 32.4506904220862, 0, 0, 0, 0, 0
@R@, 591.417049875723, -91.7280178199239, 606.363423573703, 612.950434071932, 59.2706112450588, 3.81327457333802, 74.0044378758413, 74.1573141862695, 0, 0, 0, 0, 532.145434202958, -95.5402908155366, 532.36011863937, 95.9029426860941, 17.9205092310255, -95.5402908155366, 514.224924971932, 1.89489049451375E-16, 19.0007479067152, 514.50721411038, 17.8186909091378, 514.32674329382, 9.99701408175063, 5.23761639405375, 15.2346304758039, 2.58406043333389, 0, 0, 0, 0, 532.04083406919, 0.104600133770645, -2.25361093733941E-12, 0, 0, 0, 0, 17.7140907753694, 0.104600133770645, -2.25361093733941E-12, 0, 0, 0, 0, 0.101818321887694, 0, 0, 0, 0, 0, 0, 514.224924971932, 0, 0, 0, 0, 0, 0, 28.1969627859322, 31.0736484591266, 0, 0, 0, 0, 0
€R@, 590.452672123692, -91.861467526622, 606.363423573703, 612.950434071932, 58.3184515238229, 3.75150951257461, 74.0044378758413, 74.1573141862695, 0, 0, 0, 0, 532.133862079889, -95.6126139795647, 532.36011863937, 95.9029426860941, 17.8531400296532, -95.6126139795647, 514.280722050238, -2.46830333949788E-16, 19.0007479067152, 514.50721411038, 17.7531332626608, 514.380728817229, 9.96351047761805, 5.21644674783268, 15.1799572254514, 2.57317603720936, 0, 0, 0, 0, 532.032627118905, 0.101234960985053, -7.9545398913114E-13, 0, 0, 0, 0, 17.6518983016765, 0.101234960985053, -7.9545398913114E-13, 0, 0, 0, 0, 0.100006766992454, 0, 0, 0, 0, 0, 0, 514.280722050238, 0, 0, 0, 0, 0, 0, 27.7438930908307, 30.5745584329922, 0, 0, 0, 0, 0
ÀR@, 590.153363089862, -91.9028091929553, 606.363423573703, 612.950434071932, 58.0229267420845, 3.73230208129831, 74.0044378758413, 74.1573141862695, 0, 0, 0, 0, 532.130325200778, -95.6349985315179, 532.36011863937, 95.9029426860941, 17.8322871938119, -95.6349985315179, 514.298038006965, -1.24955774893909E-15, 19.0007479067152, 514.50721411038, 17.7328371089457, 514.397488091831, 9.95313135565507, 5.2098905721037, 15.1630219277583, 2.56981518118735, 0, 0, 0, 0, 532.030123410657, 0.10020179011907, 6.24402068265698E-13, 0, 0, 0, 0, 17.632635318826, 0.10020179011907, 6.24402068265698E-13, 0, 0, 0, 0, 0.0994500848662006, 0, 0, 0, 0, 0, 0, 514.298038006965, 0, 0, 0, 0, 0, 0, 27.6032663340594, 30.4196604080251, 0, 0, 0, 0, 0
S@, 590.551451821789, -91.8476798009396, 606.363423573703, 612.950434071932, 58.4165811018888, 3.75741598016016, 74.0044378758413, 74.1573141862695, 0, 0, 0, 0, 532.135018277549, -95.605245164589, 532.36011863937, 95.9029426860941, 17.8600078296416, -95.605245164589, 514.275010447907, 8.63647695026338E-16, 19.0007479067152, 514.50721411038, 17.7598172846191, 514.37520099293, 9.96692809502617, 5.2186033888534, 15.1855314838785, 2.57428580074052, 0, 0, 0, 0, 532.033440307533, 0.101577970017274, -1.61422132537771E-12, 0, 0, 0, 0, 17.6582393146034, 0.101577970017274, -1.61422132537771E-12, 0, 0, 0, 0, 0.100190545022512, 0, 0, 0, 0, 0, 0, 514.275010447907, 0, 0, 0, 0, 0, 0, 27.7905013655041, 30.6260797363847, 0, 0, 0, 0, 0
@S@, 592.444119369344, -91.5850621005092, 606.363423573703, 612.950434071932, 60.2868411851016, 3.87725347908734, 74.0044378758413, 74.1573141862695, 0, 0, 0, 0, 532.157999238567, -95.4630247562744, 532.36011863937, 95.9029426860941, 17.9924886064062, -95.4630247562744, 514.165510632161, -7.50443110431043E-16, 19.0007479067152, 514.50721411038, 17.8887129719396, 514.269286266627, 10.0327649218282, 5.26020627880381, 15.2929712006325, 2.5957417713071, 0, 0, 0, 0, 532.049750880014, 0.108248358553636, -8.40641052271491E-13, 0, 0, 0, 0, 17.7804646133868, 0.108248358553636, -8.40641052271491E-13, 0, 0, 0, 0, 0.103775634466659, 0, 0, 0, 0, 0, 0, 514.165510632161, 0, 0, 0, 0, 0, 0, 28.6801511521839, 31.6066900329178, 0, 0, 0, 0, 0
€S@, 595.90082663236, -91.1026170066881, 606.363423573703, 612.950434071932, 63.6994516687651, 4.09622134637493, 74.0044378758413, 74.1573141862695, 0, 0, 0, 0, 532.202752462064, -95.2001286356166, 532.36011863937, 95.9029426860941, 18.237296111337, -95.2001286356166, 513.965456350728, -2.5399127245862E-16, 19.0007479067152, 514.50721411038, 18.1266989373127, 514.076053524752, 10.154001485849, 5.33691715922046, 15.4909186450688, 2.63578029224391, 0, 0, 0, 0, 532.08177425534, 0.120978206723755, 4.01660459196072E-13, 0, 0, 0, 0, 18.0057207305885, 0.120978206723755, 4.01660459196072E-13, 0, 0, 0, 0, 0.110597174024322, 0, 0, 0, 0, 0, 0, 513.965456350728, 0, 0, 0, 0, 0, 0, 30.303516555628, 33.395935113137, 0, 0, 0, 0, 0
ÀS@, 603.190813513327, -90.0728104427173, 606.363423573703, 612.950434071932, 70.8850994509197, 4.55690808076579, 74.0044378758413, 74.1573141862695, 0, 0, 0, 0, 532.308886400685, -94.6324158473511, 532.36011863937, 95.9029426860941, 18.7656034497195, -94.6324158473512, 513.543282950966, 6.97088220480424E-16, 19.0007479067152, 514.50721411038, 18.6394597126187, 513.669426688068, 10.4138706581232, 5.5017599099628, 15.9156305680857, 2.72382914453299, 0, 0, 0, 0, 532.158739408107, 0.150146992576722, 1.75965101792123E-12, 0, 0, 0, 0, 18.4893127200402, 0.150146992576722, 1.75965101792123E-12, 0, 0, 0, 0, 0.126143737100843, 0, 0, 0, 0, 0, 0, 513.543282950966, 0, 0, 0, 0, 0, 0, 33.7215764905285, 37.1635229603912, 0, 0, 0, 0, 0
T@, 603.396570359294, -90.043594678333, 606.363423573703, 612.950434071932, 71.0844885307755, 4.57229749195814, 74.0044378758413, 74.1573141862695, 0, 0, 0, 0, 532.312172901259, -94.615969139275, 532.36011863937, 95.9029426860941, 18.7808734996702, -94.615969139275, 513.531299401587, 2.30515259658226E-16, 19.0007479067152, 514.50721411038, 18.6542639375564, 513.657908963702, 10.421345208853, 5.5065264912673, 15.9278717001208, 2.72639223743559, 0, 0, 0, 0, 532.161163234513, 0.151009666744177, 1.36646967305477E-12, 0, 0, 0, 0, 18.5032542708109, 0.151009666744177, 1.36646967305477E-12, 0, 0, 0, 0, 0.126609562113816, 0, 0, 0, 0, 0, 0, 513.531299401587, 0, 0, 0, 0, 0, 0, 33.8170100902383, 37.2674784405372, 0, 0, 0, 0, 0
@T@, 600.033444811597, -90.5211751298006, 606.363423573703, 612.950434071932, 67.7709912014165, 4.36040345046371, 74.0044378758413, 74.1573141862695, 0, 0, 0, 0, 532.261036804123, -94.8803287348623, 532.36011863937, 95.9029426860941, 18.5349232607213, -94.8803287348623, 513.726113543402, -3.90545235040563E-16, 19.0007479067152, 514.50721411038, 18.4157018410185, 513.845334963106, 10.3006862138784, 5.42991509923618, 15.7306013131138, 2.68510052790467, 0, 0, 0, 0, 532.123916969398, 0.137119834727473, -1.17792107859254E-12, 0, 0, 0, 0, 18.2785820062922, 0.137119834727473, -1.17792107859254E-12, 0, 0, 0, 0, 0.119221419702874, 0, 0, 0, 0, 0, 0, 513.726113543402, 0, 0, 0, 0, 0, 0, 32.2409496102086, 35.5300415912079, 0, 0, 0, 0, 0
€T@, 597.834876410283, -90.8313374578673, 606.363423573703, 612.950434071932, 65.6045601392602, 4.2206244667192, 74.0044378758413, 74.1573141862695, 0, 0, 0, 0, 532.229414712976, -95.0511421032864, 532.36011863937, 95.9029426860941, 18.3759645868355, -95.0511421032864, 513.853450126143, -2.78790879271185E-16, 19.0007479067152, 514.50721411038, 18.2613933570633, 513.968021355914, 10.2224377067989, 5.38028787292237, 15.6027255797202, 2.6586677773431, 0, 0, 0, 0, 532.101009855872, 0.128404857103672, 1.24960394302725E-12, 0, 0, 0, 0, 18.1329884999584, 0.128404857103672, 1.24960394302725E-12, 0, 0, 0, 0, 0.114571229772204, 0, 0, 0, 0, 0, 0, 513.853450126143, 0, 0, 0, 0, 0, 0, 31.2102151812249, 34.3943449580354, 0, 0, 0, 0, 0
ÀT@, 593.611503689308, -91.4230133142372, 606.363423573703, 612.950434071932, 61.4370849311084, 3.95314704041713, 74.0044378758413, 74.1573141862695, 0, 0, 0, 0, 532.172778193562, -95.3745782578239, 532.36011863937, 95.9029426860941, 18.0748438874946, -95.3745782578239, 514.097934306066, 5.71105662761084E-16, 19.0007479067152, 514.50721411038, 17.9688015068873, 514.203976686674, 10.0736087724634, 5.28604740720897, 15.3596561796725, 2.60914532721486, 0, 0, 0, 0, 532.06031409386, 0.112464099702631, -1.54601651253748E-12, 0, 0, 0, 0, 17.8563374071862, 0.112464099702631, -1.54601651253748E-12, 0, 0, 0, 0, 0.106042380607314, 0, 0, 0, 0, 0, 0, 514.097934306066, 0, 0, 0, 0, 0, 0, 29.2277266900332, 32.2093582410752, 0, 0, 0, 0, 0
U@, 592.379700419864, -91.5942532906343, 606.363423573703, 612.950434071932, 60.221999517751, 3.87404337750989, 74.0044378758413, 74.1573141862695, 0, 0, 0, 0, 532.157230587665, -95.4678340433317, 532.36011863937, 95.9029426860941, 17.9880018717718, -95.4678340433316, 514.169228715893, -1.0190546323452E-15, 19.0007479067152, 514.50721411038, 17.8843488886067, 514.272881699059, 10.0305373586164, 5.25880321612296, 15.2893405747383, 2.59500831386843, 0, 0, 0, 0, 532.04921457387, 0.108016013794744, 2.06181981217703E-13, 0, 0, 0, 0, 17.7763328748118, 0.108016013794744, 2.06181981217703E-13, 0, 0, 0, 0, 0.103652983165037, 0, 0, 0, 0, 0, 0, 514.169228715893, 0, 0, 0, 0, 0, 0, 28.6494874722376, 31.5725120455134, 0, 0, 0, 0, 0
@U@, 590.353703790726, -91.8752532731897, 606.363423573703, 612.950434071932, 58.2202484530023, 3.7455073980861, 74.0044378758413, 74.1573141862695, 0, 0, 0, 0, 532.132703157806, -95.6199986211348, 532.36011863937, 95.9029426860941, 17.8462579403414, -95.6199986211348, 514.286445217464, -3.62687310739851E-16, 19.0007479067152, 514.50721411038, 17.7464351135969, 514.386268044209, 9.96008528050764, 5.21428507557928, 15.1743703560873, 2.57206475750957, 0, 0, 0, 0, 532.031811109483, 0.100892048322454, 4.61478356530175E-13, 0, 0, 0, 0, 17.645543065274, 0.100892048322454, 4.61478356530175E-13, 0, 0, 0, 0, 0.099822826744552, 0, 0, 0, 0, 0, 0, 514.286445217464, 0, 0, 0, 0, 0, 0, 27.6972329124738, 30.5230155405285, 0, 0, 0, 0, 0
€U@, 589.887808332974, -91.939531191655, 606.363423573703, 612.950434071932, 57.7604182781631, 3.71546545637639, 74.0044378758413, 74.1573141862695, 0, 0, 0, 0, 532.127217937435, -95.6548208791919, 532.36011863937, 95.9029426860941, 17.8138188175258, -95.6548208791919, 514.313399119909, -9.16098794045972E-16, 19.0007479067152, 514.50721411038, 17.7148601729623, 514.412357764473, 9.94393560297613, 5.20408372000853, 15.1480193229849, 2.56684084997747, 0, 0, 0, 0, 532.027928775657, 0.099289161775627, 2.31598954209438E-12, 0, 0, 0, 0, 17.6155710111844, 0.099289161775627, 2.31598954209438E-12, 0, 0, 0, 0, 0.0989586445634504, 0, 0, 0, 0, 0, 0, 514.313399119909, 0, 0, 0, 0, 0, 0, 27.478392002668, 30.2820262754951, 0, 0, 0, 0, 0
ÀU@, 589.98707646045, -91.9257613475423, 606.363423573703, 612.950434071932, 57.8587409968426, 3.72162328388536, 74.0044378758413, 74.1573141862695, 0, 0, 0, 0, 532.12837179726, -95.6474216345291, 532.36011863937, 95.9029426860941, 17.8207139169298, -95.6474216345291, 514.307657880331, -3.7501078631319E-16, 19.0007479067152, 514.50721411038, 17.7215719707018, 514.406799826558, 9.94736930486406, 5.20625106057051, 15.153620365435, 2.56795160526684, 0, 0, 0, 0, 532.028741699835, 0.0996300974253394, 3.2720995157907E-13, 0, 0, 0, 0, 17.6219418732762, 0.0996300974253394, 3.2720995157907E-13, 0, 0, 0, 0, 0.0991419462280024, 0, 0, 0, 0, 0, 0, 514.307657880331, 0, 0, 0, 0, 0, 0, 27.5251366178174, 30.3336043790253, 0, 0, 0, 0, 0
V@, 590.750501024751, -91.8200952053678, 606.363423573703, 612.950434071932, 58.6134026191677, 3.76996653621249, 74.0044378758413, 74.1573141862695, 0, 0, 0, 0, 532.137382633573, -95.5903483346607, 532.36011863937, 95.9029426860941, 17.873886548923, -95.5903483346607, 514.26349608465, -1.38802337679156E-15, 19.0007479067152, 514.50721411038, 17.7733240132168, 514.364058620357, 9.97383289237267, 5.22296442731532, 15.1967973196876, 2.57652669352923, 0, 0, 0, 0, 532.035113023053, 0.102269610520244, 5.1519767118063E-13, 0, 0, 0, 0, 17.6710544026961, 0.102269610520244, 5.1519767118063E-13, 0, 0, 0, 0, 0.100562535706164, 0, 0, 0, 0, 0, 0, 514.26349608465, 0, 0, 0, 0, 0, 0, 27.8841148808457, 30.729287738322, 0, 0, 0, 0, 0
@V@, 591.680520962836, -91.6911782145404, 606.363423573703, 612.950434071932, 59.5322695474303, 3.82901664937671, 74.0044378758413, 74.1573141862695, 0, 0, 0, 0, 532.148602193544, -95.5205434265098, 532.36011863937, 95.9029426860941, 17.938911835707, -95.5205434265098, 514.209690357837, 3.18318288394792E-16, 19.0007479067152, 514.50721411038, 17.8365952187846, 514.312006974759, 10.006159315785, 5.24338995520562, 15.2495492709905, 2.58704594779404, 0, 0, 0, 0, 532.043070766159, 0.105531427386019, -4.44837290768809E-13, 0, 0, 0, 0, 17.7310637913991, 0.105531427386019, -4.44837290768809E-13, 0, 0, 0, 0, 0.102316616922373, 0, 0, 0, 0, 0, 0, 514.209690357837, 0, 0, 0, 0, 0, 0, 28.3212365756172, 31.2110329718131, 0, 0, 0, 0, 0
€V@, 600.69019187924, -90.4278546137253, 606.363423573703, 612.950434071932, 68.4233387611484, 4.39805283290731, 74.0044378758413, 74.1573141862695, 0, 0, 0, 0, 532.270654523621, -94.8292505606031, 532.36011863937, 95.9029426860941, 18.5824933977613, -94.8292505606031, 513.688161125859, 1.04425149083376E-15, 19.0007479067152, 514.50721411038, 18.4618616448272, 513.808792878794, 10.3240654503144, 5.44472462994616, 15.7687900802611, 2.69307156456612, 0, 0, 0, 0, 532.130865658602, 0.139788865019114, -5.77670976800218E-13, 0, 0, 0, 0, 18.3220727798087, 0.139788865019114, -5.77670976800218E-13, 0, 0, 0, 0, 0.120631752934087, 0, 0, 0, 0, 0, 0, 513.688161125859, 0, 0, 0, 0, 0, 0, 32.5503555024174, 35.872983258731, 0, 0, 0, 0, 0
ÀV@, 603.494487338085, -90.0296069265919, 606.363423573703, 612.950434071932, 71.1820236439805, 4.57762583922489, 74.0044378758413, 74.1573141862695, 0, 0, 0, 0, 532.313692178584, -94.6082710682944, 532.36011863937, 95.9029426860941, 18.7880439718042, -94.6082710682944, 513.525648206779, 7.50370252045052E-16, 19.0007479067152, 514.50721411038, 18.6612157276104, 513.652476450974, 10.4248562861938, 5.50875166252631, 15.9336079487191, 2.72760777889133, 0, 0, 0, 0, 532.162265845239, 0.15142633334426, 7.63954383762436E-13, 0, 0, 0, 0, 18.5097893942654, 0.15142633334426, 7.63954383762436E-13, 0, 0, 0, 0, 0.12682824419378, 0, 0, 0, 0, 0, 0, 513.525648206779, 0, 0, 0, 0, 0, 0, 33.8631955623772, 37.3188280816033, 0, 0, 0, 0, 0
W@, 603.596716751184, -90.0150663559625, 606.363423573703, 612.950434071932, 71.2814356984133, 4.58500393489011, 74.0044378758413, 74.1573141862695, 0, 0, 0, 0, 532.315326262609, -94.6001081361923, 532.36011863937, 95.9029426860941, 18.7956257552199, -94.6001081361923, 513.519700507387, -3.35589195321617E-16, 19.0007479067152, 514.50721411038, 18.6685657385755, 513.646760524032, 10.4285667000613, 5.51111613037568, 15.9396828304365, 2.72888290813897, 0, 0, 0, 0, 532.163469120092, 0.151857142515644, 1.73888816201422E-12, 0, 0, 0, 0, 18.5167085960581, 0.151857142515644, 1.73888816201422E-12, 0, 0, 0, 0, 0.127060016644438, 0, 0, 0, 0, 0, 0, 513.519700507387, 0, 0, 0, 0, 0, 0, 33.9107125623189, 37.3707231360943, 0, 0, 0, 0, 0
@W@, 603.596800966415, -90.0150555399524, 606.363423573703, 612.950434071932, 71.2814724218865, 4.5850439382993, 74.0044378758413, 74.1573141862695, 0, 0, 0, 0, 532.31532837658, -94.6000992015341, 532.36011863937, 95.9029426860941, 18.7956336682938, -94.6000992015341, 513.519694708285, -1.05730701971396E-15, 19.0007479067152, 514.50721411038, 18.6685734010877, 513.646754975492, 10.4285705309193, 5.51111884180407, 15.9396893727227, 2.72888402836493, 0, 0, 0, 0, 532.163470971778, 0.151857404801769, -8.52222336915851E-14, 0, 0, 0, 0, 18.516715996286, 0.151857404801769, -8.52222336915851E-14, 0, 0, 0, 0, 0.127060267206115, 0, 0, 0, 0, 0, 0, 513.519694708285, 0, 0, 0, 0, 0, 0, 33.9107386965186, 37.3707337253678, 0, 0, 0, 0, 0
€W@, 601.964617969855, -90.2473729829933, 606.363423573703, 612.950434071932, 69.6739278358296, 4.48222290329622, 74.0044378758413, 74.1573141862695, 0, 0, 0, 0, 532.289986706714, -94.7289906295985, 532.36011863937, 95.9029426860941, 18.6757329690579, -94.7289906295985, 513.614253737656, -2.39794295531226E-16, 19.0007479067152, 514.50721411038, 18.5523099704034, 513.737676736311, 10.3698253608959, 5.47380085152314, 15.843626212419, 2.70868375798434, 0, 0, 0, 0, 532.144973346762, 0.14501335995107, 1.15893737725348E-12, 0, 0, 0, 0, 18.4072966104511, 0.14501335995107, 1.15893737725348E-12, 0, 0, 0, 0, 0.123422998654553, 0, 0, 0, 0, 0, 0, 513.614253737656, 0, 0, 0, 0, 0, 0, 33.1461109560256, 36.527816879804, 0, 0, 0, 0, 0
